Name,Email,Password,Balance
kanishk,k@gmail.com,123,10000
jay,j@gmail.com,123
shreya,s@gmail.com,123
krish,krish@gmail.com,123
rahul,rahul@gmail.com,2232
shubham,shubham@gmail.com,123
rahul,rahul@gmail.com,1234
ruby ,ruby@gmail.com,123
johny,john@gmail.com,123,100
new,new@gmail.com,123,10000
surendra,surendra@gmail.com,1234,10000
tripti,tripti@gmail.com,1234,10000
lfks,fjskld,jfsdkl,0
pranay@gmail.com,pranay@gmail.com,pranay,0
pranay@gmail.com,pranay,f,0
shiv,shiv@gmail.com,123,0

sd,sd,ds,0
